dataset,frame,yaw_deg,group,object_id,class,distance_bin,distance_m,n_points,inside_image,object_points,hits,hit_ratio
kitti_mini,000008,0,all,,all,all,,122555,17238,5127,5108,0.9963
kitti_mini,000008,0,object,0,Car,00-15m,4.6,122555,17238,1424,1412,0.9916
kitti_mini,000008,0,object,1,Car,00-15m,7.9,122555,17238,1940,1940,1.0
kitti_mini,000008,0,object,2,Car,00-15m,7.2,122555,17238,878,871,0.992
kitti_mini,000008,0,object,3,Car,00-15m,14.5,122555,17238,668,668,1.0
kitti_mini,000008,0,object,4,Car,30m+,34.0,122555,17238,53,53,1.0
kitti_mini,000008,0,object,5,Car,15-30m,21.7,122555,17238,164,164,1.0
kitti_mini,000008,0.5,all,,all,all,,122555,17281,5104,5082,0.9957
kitti_mini,000008,0.5,object,0,Car,00-15m,4.6,122555,17281,1381,1371,0.9928
kitti_mini,000008,0.5,object,1,Car,00-15m,7.9,122555,17281,1940,1940,1.0
kitti_mini,000008,0.5,object,2,Car,00-15m,7.2,122555,17281,898,893,0.9944
kitti_mini,000008,0.5,object,3,Car,00-15m,14.5,122555,17281,668,668,1.0
kitti_mini,000008,0.5,object,4,Car,30m+,34.0,122555,17281,53,48,0.9057
kitti_mini,000008,0.5,object,5,Car,15-30m,21.7,122555,17281,164,162,0.9878
kitti_mini,000008,1,all,,all,all,,122555,17316,5071,5001,0.9862
kitti_mini,000008,1,object,0,Car,00-15m,4.6,122555,17316,1338,1325,0.9903
kitti_mini,000008,1,object,1,Car,00-15m,7.9,122555,17316,1940,1940,1.0
kitti_mini,000008,1,object,2,Car,00-15m,7.2,122555,17316,908,899,0.9901
kitti_mini,000008,1,object,3,Car,00-15m,14.5,122555,17316,668,655,0.9805
kitti_mini,000008,1,object,4,Car,30m+,34.0,122555,17316,53,40,0.7547
kitti_mini,000008,1,object,5,Car,15-30m,21.7,122555,17316,164,142,0.8659
kitti_mini,000008,2,all,,all,all,,122555,17384,5008,4748,0.9481
kitti_mini,000008,2,object,0,Car,00-15m,4.6,122555,17384,1260,1244,0.9873
kitti_mini,000008,2,object,1,Car,00-15m,7.9,122555,17384,1940,1928,0.9938
kitti_mini,000008,2,object,2,Car,00-15m,7.2,122555,17384,923,883,0.9567
kitti_mini,000008,2,object,3,Car,00-15m,14.5,122555,17384,668,577,0.8638
kitti_mini,000008,2,object,4,Car,30m+,34.0,122555,17384,53,17,0.3208
kitti_mini,000008,2,object,5,Car,15-30m,21.7,122555,17384,164,99,0.6037
kitti_mini,000008,3,all,,all,all,,122555,17436,4943,4497,0.9098
kitti_mini,000008,3,object,0,Car,00-15m,4.6,122555,17436,1180,1173,0.9941
kitti_mini,000008,3,object,1,Car,00-15m,7.9,122555,17436,1940,1894,0.9763
kitti_mini,000008,3,object,2,Car,00-15m,7.2,122555,17436,938,878,0.936
kitti_mini,000008,3,object,3,Car,00-15m,14.5,122555,17436,668,487,0.729
kitti_mini,000008,3,object,4,Car,30m+,34.0,122555,17436,53,3,0.0566
kitti_mini,000008,3,object,5,Car,15-30m,21.7,122555,17436,164,62,0.378
kitti_mini,000011,0,all,,all,all,,108004,19946,725,721,0.9945
kitti_mini,000011,0,object,0,Pedestrian,00-15m,13.4,108004,19946,151,150,0.9934
kitti_mini,000011,0,object,1,Pedestrian,00-15m,14.5,108004,19946,35,35,1.0
kitti_mini,000011,0,object,2,Car,15-30m,27.1,108004,19946,208,208,1.0
kitti_mini,000011,0,object,3,Pedestrian,30m+,34.2,108004,19946,40,40,1.0
kitti_mini,000011,0,object,4,Car,00-15m,6.6,108004,19946,210,207,0.9857
kitti_mini,000011,0,object,5,Pedestrian,15-30m,17.8,108004,19946,81,81,1.0
kitti_mini,000011,0.5,all,,all,all,,108004,19946,690,634,0.9188
kitti_mini,000011,0.5,object,0,Pedestrian,00-15m,13.4,108004,19946,151,141,0.9338
kitti_mini,000011,0.5,object,1,Pedestrian,00-15m,14.5,108004,19946,35,35,1.0
kitti_mini,000011,0.5,object,2,Car,15-30m,27.1,108004,19946,208,199,0.9567
kitti_mini,000011,0.5,object,3,Pedestrian,30m+,34.2,108004,19946,40,21,0.525
kitti_mini,000011,0.5,object,4,Car,00-15m,6.6,108004,19946,175,172,0.9829
kitti_mini,000011,0.5,object,5,Pedestrian,15-30m,17.8,108004,19946,81,66,0.8148
kitti_mini,000011,1,all,,all,all,,108004,19952,656,508,0.7744
kitti_mini,000011,1,object,0,Pedestrian,00-15m,13.4,108004,19952,151,124,0.8212
kitti_mini,000011,1,object,1,Pedestrian,00-15m,14.5,108004,19952,35,35,1.0
kitti_mini,000011,1,object,2,Car,15-30m,27.1,108004,19952,208,178,0.8558
kitti_mini,000011,1,object,3,Pedestrian,30m+,34.2,108004,19952,40,3,0.075
kitti_mini,000011,1,object,4,Car,00-15m,6.6,108004,19952,141,140,0.9929
kitti_mini,000011,1,object,5,Pedestrian,15-30m,17.8,108004,19952,81,28,0.3457
kitti_mini,000011,2,all,,all,all,,108004,19963,592,269,0.4544
kitti_mini,000011,2,object,0,Pedestrian,00-15m,13.4,108004,19963,151,44,0.2914
kitti_mini,000011,2,object,1,Pedestrian,00-15m,14.5,108004,19963,35,21,0.6
kitti_mini,000011,2,object,2,Car,15-30m,27.1,108004,19963,208,127,0.6106
kitti_mini,000011,2,object,3,Pedestrian,30m+,34.2,108004,19963,40,0,0.0
kitti_mini,000011,2,object,4,Car,00-15m,6.6,108004,19963,77,77,1.0
kitti_mini,000011,2,object,5,Pedestrian,15-30m,17.8,108004,19963,81,0,0.0
kitti_mini,000011,3,all,,all,all,,108004,19948,537,114,0.2123
kitti_mini,000011,3,object,0,Pedestrian,00-15m,13.4,108004,19948,151,10,0.0662
kitti_mini,000011,3,object,1,Pedestrian,00-15m,14.5,108004,19948,35,6,0.1714
kitti_mini,000011,3,object,2,Car,15-30m,27.1,108004,19948,208,76,0.3654
kitti_mini,000011,3,object,3,Pedestrian,30m+,34.2,108004,19948,40,0,0.0
kitti_mini,000011,3,object,4,Car,00-15m,6.6,108004,19948,22,22,1.0
kitti_mini,000011,3,object,5,Pedestrian,15-30m,17.8,108004,19948,81,0,0.0
kitti_mini,000049,0,all,,all,all,,113691,18093,4557,4523,0.9925
kitti_mini,000049,0,object,0,Car,15-30m,21.6,113691,18093,206,206,1.0
kitti_mini,000049,0,object,1,Car,00-15m,14.3,113691,18093,930,930,1.0
kitti_mini,000049,0,object,2,Car,15-30m,22.3,113691,18093,140,140,1.0
kitti_mini,000049,0,object,3,Car,15-30m,25.2,113691,18093,79,79,1.0
kitti_mini,000049,0,object,4,Car,30m+,32.8,113691,18093,18,18,1.0
kitti_mini,000049,0,object,5,Van,30m+,45.9,113691,18093,79,79,1.0
kitti_mini,000049,0,object,6,Pedestrian,00-15m,5.5,113691,18093,719,690,0.9597
kitti_mini,000049,0,object,7,Car,00-15m,10.4,113691,18093,571,571,1.0
kitti_mini,000049,0,object,8,Car,15-30m,15.4,113691,18093,432,432,1.0
kitti_mini,000049,0,object,9,Car,15-30m,20.6,113691,18093,198,198,1.0
kitti_mini,000049,0,object,10,Pedestrian,30m+,32.8,113691,18093,42,37,0.881
kitti_mini,000049,0,object,11,Car,30m+,33.2,113691,18093,74,74,1.0
kitti_mini,000049,0,object,12,Car,00-15m,14.4,113691,18093,437,437,1.0
kitti_mini,000049,0,object,13,Car,15-30m,19.0,113691,18093,312,312,1.0
kitti_mini,000049,0,object,14,Car,30m+,35.7,113691,18093,2,2,1.0
kitti_mini,000049,0,object,15,Car,15-30m,23.2,113691,18093,8,8,1.0
kitti_mini,000049,0,object,16,Van,30m+,35.6,113691,18093,261,261,1.0
kitti_mini,000049,0,object,17,Car,15-30m,22.4,113691,18093,49,49,1.0
kitti_mini,000049,0.5,all,,all,all,,113691,18134,4559,4443,0.9746
kitti_mini,000049,0.5,object,0,Car,15-30m,21.6,113691,18134,206,190,0.9223
kitti_mini,000049,0.5,object,1,Car,00-15m,14.3,113691,18134,930,925,0.9946
kitti_mini,000049,0.5,object,2,Car,15-30m,22.3,113691,18134,140,140,1.0
kitti_mini,000049,0.5,object,3,Car,15-30m,25.2,113691,18134,79,79,1.0
kitti_mini,000049,0.5,object,4,Car,30m+,32.8,113691,18134,18,18,1.0
kitti_mini,000049,0.5,object,5,Van,30m+,45.9,113691,18134,79,79,1.0
kitti_mini,000049,0.5,object,6,Pedestrian,00-15m,5.5,113691,18134,722,671,0.9294
kitti_mini,000049,0.5,object,7,Car,00-15m,10.4,113691,18134,571,565,0.9895
kitti_mini,000049,0.5,object,8,Car,15-30m,15.4,113691,18134,432,426,0.9861
kitti_mini,000049,0.5,object,9,Car,15-30m,20.6,113691,18134,198,195,0.9848
kitti_mini,000049,0.5,object,10,Pedestrian,30m+,32.8,113691,18134,42,24,0.5714
kitti_mini,000049,0.5,object,11,Car,30m+,33.2,113691,18134,74,74,1.0
kitti_mini,000049,0.5,object,12,Car,00-15m,14.4,113691,18134,437,437,1.0
kitti_mini,000049,0.5,object,13,Car,15-30m,19.0,113691,18134,312,312,1.0
kitti_mini,000049,0.5,object,14,Car,30m+,35.7,113691,18134,2,2,1.0
kitti_mini,000049,0.5,object,15,Car,15-30m,23.2,113691,18134,8,8,1.0
kitti_mini,000049,0.5,object,16,Van,30m+,35.6,113691,18134,261,250,0.9579
kitti_mini,000049,0.5,object,17,Car,15-30m,22.4,113691,18134,48,48,1.0
kitti_mini,000049,1,all,,all,all,,113691,18174,4553,4257,0.935
kitti_mini,000049,1,object,0,Car,15-30m,21.6,113691,18174,206,165,0.801
kitti_mini,000049,1,object,1,Car,00-15m,14.3,113691,18174,930,903,0.971
kitti_mini,000049,1,object,2,Car,15-30m,22.3,113691,18174,140,140,1.0
kitti_mini,000049,1,object,3,Car,15-30m,25.2,113691,18174,79,79,1.0
kitti_mini,000049,1,object,4,Car,30m+,32.8,113691,18174,18,18,1.0
kitti_mini,000049,1,object,5,Van,30m+,45.9,113691,18174,79,76,0.962
kitti_mini,000049,1,object,6,Pedestrian,00-15m,5.5,113691,18174,723,649,0.8976
kitti_mini,000049,1,object,7,Car,00-15m,10.4,113691,18174,571,543,0.951
kitti_mini,000049,1,object,8,Car,15-30m,15.4,113691,18174,432,406,0.9398
kitti_mini,000049,1,object,9,Car,15-30m,20.6,113691,18174,198,167,0.8434
kitti_mini,000049,1,object,10,Pedestrian,30m+,32.8,113691,18174,42,2,0.0476
kitti_mini,000049,1,object,11,Car,30m+,33.2,113691,18174,74,74,1.0
kitti_mini,000049,1,object,12,Car,00-15m,14.4,113691,18174,437,437,1.0
kitti_mini,000049,1,object,13,Car,15-30m,19.0,113691,18174,312,312,1.0
kitti_mini,000049,1,object,14,Car,30m+,35.7,113691,18174,2,2,1.0
kitti_mini,000049,1,object,15,Car,15-30m,23.2,113691,18174,8,8,1.0
kitti_mini,000049,1,object,16,Van,30m+,35.6,113691,18174,261,235,0.9004
kitti_mini,000049,1,object,17,Car,15-30m,22.4,113691,18174,41,41,1.0
kitti_mini,000049,2,all,,all,all,,113691,18229,4516,3827,0.8474
kitti_mini,000049,2,object,0,Car,15-30m,21.6,113691,18229,206,116,0.5631
kitti_mini,000049,2,object,1,Car,00-15m,14.3,113691,18229,930,854,0.9183
kitti_mini,000049,2,object,2,Car,15-30m,22.3,113691,18229,140,140,1.0
kitti_mini,000049,2,object,3,Car,15-30m,25.2,113691,18229,79,79,1.0
kitti_mini,000049,2,object,4,Car,30m+,32.8,113691,18229,18,18,1.0
kitti_mini,000049,2,object,5,Van,30m+,45.9,113691,18229,79,69,0.8734
kitti_mini,000049,2,object,6,Pedestrian,00-15m,5.5,113691,18229,723,561,0.7759
kitti_mini,000049,2,object,7,Car,00-15m,10.4,113691,18229,571,495,0.8669
kitti_mini,000049,2,object,8,Car,15-30m,15.4,113691,18229,432,359,0.831
kitti_mini,000049,2,object,9,Car,15-30m,20.6,113691,18229,198,102,0.5152
kitti_mini,000049,2,object,10,Pedestrian,30m+,32.8,113691,18229,42,0,0.0
kitti_mini,000049,2,object,11,Car,30m+,33.2,113691,18229,74,73,0.9865
kitti_mini,000049,2,object,12,Car,00-15m,14.4,113691,18229,421,421,1.0
kitti_mini,000049,2,object,13,Car,15-30m,19.0,113691,18229,312,311,0.9968
kitti_mini,000049,2,object,14,Car,30m+,35.7,113691,18229,2,2,1.0
kitti_mini,000049,2,object,15,Car,15-30m,23.2,113691,18229,8,8,1.0
kitti_mini,000049,2,object,16,Van,30m+,35.6,113691,18229,261,199,0.7625
kitti_mini,000049,2,object,17,Car,15-30m,22.4,113691,18229,20,20,1.0
kitti_mini,000049,3,all,,all,all,,113691,18231,4470,3322,0.7432
kitti_mini,000049,3,object,0,Car,15-30m,21.6,113691,18231,206,74,0.3592
kitti_mini,000049,3,object,1,Car,00-15m,14.3,113691,18231,930,797,0.857
kitti_mini,000049,3,object,2,Car,15-30m,22.3,113691,18231,140,138,0.9857
kitti_mini,000049,3,object,3,Car,15-30m,25.2,113691,18231,79,76,0.962
kitti_mini,000049,3,object,4,Car,30m+,32.8,113691,18231,18,18,1.0
kitti_mini,000049,3,object,5,Van,30m+,45.9,113691,18231,79,59,0.7468
kitti_mini,000049,3,object,6,Pedestrian,00-15m,5.5,113691,18231,723,436,0.603
kitti_mini,000049,3,object,7,Car,00-15m,10.4,113691,18231,571,464,0.8126
kitti_mini,000049,3,object,8,Car,15-30m,15.4,113691,18231,432,298,0.6898
kitti_mini,000049,3,object,9,Car,15-30m,20.6,113691,18231,198,38,0.1919
kitti_mini,000049,3,object,10,Pedestrian,30m+,32.8,113691,18231,42,0,0.0
kitti_mini,000049,3,object,11,Car,30m+,33.2,113691,18231,74,62,0.8378
kitti_mini,000049,3,object,12,Car,00-15m,14.4,113691,18231,385,385,1.0
kitti_mini,000049,3,object,13,Car,15-30m,19.0,113691,18231,312,292,0.9359
kitti_mini,000049,3,object,14,Car,30m+,35.7,113691,18231,2,0,0.0
kitti_mini,000049,3,object,15,Car,15-30m,23.2,113691,18231,8,7,0.875
kitti_mini,000049,3,object,16,Van,30m+,35.6,113691,18231,261,168,0.6437
kitti_mini,000049,3,object,17,Car,15-30m,22.4,113691,18231,10,10,1.0
